[
 {
   "brokerID": 1,
   "company": "Baumbach and Sons",
   "name": "Minnie MacPike",
   "phoneNumber": "106-261-7344",
   "email": "mmacpike0@ning.com"
 },
 {
   "brokerID": 2,
   "company": "Torphy Inc",
   "name": "Pietro Waldie",
   "phoneNumber": "190-719-4577",
   "email": "pwaldie1@aboutads.info"
 },
 {
   "brokerID": 3,
   "company": "Wisozk-Herman",
   "name": "Olivier Stennet",
   "phoneNumber": "757-227-8157",
   "email": "ostennet2@merriam-webster.com"
 },
 {
   "brokerID": 4,
   "company": "Oberbrunner-Parisian",
   "name": "Lainey Murty",
   "phoneNumber": "889-192-3594",
   "email": "lmurty3@google.es"
 },
 {
   "brokerID": 5,
   "company": "DuBuque-Rau",
   "name": "Abbott Cavolini",
   "phoneNumber": "164-175-5615",
   "email": "acavolini4@geocities.jp"
 },
 {
   "brokerID": 6,
   "company": "Predovic, Larson and Armstrong",
   "name": "Rona Allans",
   "phoneNumber": "538-377-0323",
   "email": "rallans5@apache.org"
 },
 {
   "brokerID": 7,
   "company": "Nolan-Swaniawski",
   "name": "Lonny Werndley",
   "phoneNumber": "446-879-2828",
   "email": "lwerndley6@unicef.org"
 },
 {
   "brokerID": 8,
   "company": "Hyatt Group",
   "name": "Carny Glen",
   "phoneNumber": "197-154-5638",
   "email": "cglen7@unblog.fr"
 },
 {
   "brokerID": 9,
   "company": "Kohler, Senger and Boyle",
   "name": "Cosetta Louedey",
   "phoneNumber": "147-496-1150",
   "email": "clouedey8@mac.com"
 },
 {
   "brokerID": 10,
   "company": "Willms LLC",
   "name": "Miranda Balcon",
   "phoneNumber": "843-282-2880",
   "email": "mbalcon9@taobao.com"
 }
]