[
 {
   "propID": "PL286",
   "creationDate": "10/5/2022",
   "rate": 618270,
   "region": "Syracuse, NY",
   "type": "3-bedroom",
   "status": "Sold",
   "size": 2046
 },
 {
   "propID": "PL275",
   "creationDate": "9/5/2022",
   "rate": 617791,
   "region": "Oneonta, NY",
   "type": "3-bedroom",
   "status": "Reserved",
   "size": 2715
 },
 {
   "propID": "PL261",
   "creationDate": "8/4/2022",
   "rate": 616809,
   "region": "Utica, NY",
   "type": "3-bedroom",
   "status": "Sold",
   "size": 2608
 },
 {
   "propID": "PL251",
   "creationDate": "7/11/2022",
   "rate": 614532,
   "region": "Gloversville, NY",
   "type": "3-bedroom",
   "status": "Unsold",
   "size": 2264
 },
 {
   "propID": "PL241",
   "creationDate": "6/1/2022",
   "rate": 610227,
   "region": "Ogdensburg, NY",
   "type": "3-bedroom",
   "status": "Sold",
   "size": 2658
 },
 {
   "propID": "PL232",
   "creationDate": "5/1/2022",
   "rate": 604240,
   "region": "Rochester, NY",
   "type": "3-bedroom",
   "status": "Unsold",
   "size": 2048
 },
 {
   "propID": "PL221",
   "creationDate": "4/2/2022",
   "rate": 596752,
   "region": "Olean, NY",
   "type": "3-bedroom",
   "status": "Unsold",
   "size": 2186
 },
 {
   "propID": "PL216",
   "creationDate": "3/1/2022",
   "rate": 589646,
   "region": "Ithaca, NY",
   "type": "3-bedroom",
   "status": "Sold",
   "size": 1950
 },
 {
   "propID": "PL208",
   "creationDate": "2/6/2022",
   "rate": 583239,
   "region": "Syracuse, NY",
   "type": "3-bedroom",
   "status": "Unsold",
   "size": 2341
 },
 {
   "propID": "PL201",
   "creationDate": "1/1/2022",
   "rate": 578616,
   "region": "Amsterdam, NY",
   "type": "3-bedroom",
   "status": "Sold",
   "size": 2300
 },
 {
   "propID": "PL189",
   "creationDate": "12/1/2021",
   "rate": 574669,
   "region": "Ogdensburg, NY",
   "type": "3-bedroom",
   "status": "Reserved",
   "size": 2028
 },
 {
   "propID": "PL175",
   "creationDate": "11/7/2021",
   "rate": 571440,
   "region": "Amsterdam, NY",
   "type": "3-bedroom",
   "status": "Reserved",
   "size": 2198
 },
 {
   "propID": "PL165",
   "creationDate": "10/2/2021",
   "rate": 567893,
   "region": "Corning, NY",
   "type": "3-bedroom",
   "status": "Unsold",
   "size": 3167
 },
 {
   "propID": "PL159",
   "creationDate": "9/3/2021",
   "rate": 563354,
   "region": "Syracuse, NY",
   "type": "2-bedroom",
   "status": "Unsold",
   "size": 3501
 },
 {
   "propID": "PL153",
   "creationDate": "8/1/2021",
   "rate": 557464,
   "region": "Watertown, NY",
   "type": "2-bedroom",
   "status": "Reserved",
   "size": 2147
 },
 {
   "propID": "PL149",
   "creationDate": "7/16/2021",
   "rate": 549885,
   "region": "Binghamton, NY",
   "type": "3-bedroom",
   "status": "Unsold",
   "size": 3733
 },
 {
   "propID": "PL143",
   "creationDate": "6/3/2021",
   "rate": 541972,
   "region": "Cortland, NY",
   "type": "3-bedroom",
   "status": "Sold",
   "size": 3500
 },
 {
   "propID": "PL136",
   "creationDate": "5/6/2021",
   "rate": 534822,
   "region": "Seneca Falls, NY",
   "type": "3-bedroom",
   "status": "Reserved",
   "size": 1809
 },
 {
   "propID": "PL131",
   "creationDate": "4/2/2021",
   "rate": 529323,
   "region": "Binghamton, NY",
   "type": "3-bedroom",
   "status": "Reserved",
   "size": 3600
 },
 {
   "propID": "PL121",
   "creationDate": "3/1/2021",
   "rate": 524593,
   "region": "Oneonta, NY",
   "type": "2-bedroom",
   "status": "Unsold",
   "size": 2469
 },
 {
   "propID": "PL111",
   "creationDate": "2/3/2021",
   "rate": 520237,
   "region": "Olean, NY",
   "type": "3-bedroom",
   "status": "Reserved",
   "size": 1801
 },
 {
   "propID": "PL101",
   "creationDate": "1/10/2021",
   "rate": 515509,
   "region": "Syracuse, NY",
   "type": "2-bedroom",
   "status": "Unsold",
   "size": 2091
 },
 {
   "propID": "PL95",
   "creationDate": "12/2/2020",
   "rate": 510680,
   "region": "Auburn, NY",
   "type": "3-bedroom",
   "status": "Sold",
   "size": 1584
 },
 {
   "propID": "PL83",
   "creationDate": "11/4/2020",
   "rate": 504872,
   "region": "Glens Falls, NY",
   "type": "3-bedroom",
   "status": "Unsold",
   "size": 2000
 },
 {
   "propID": "PL76",
   "creationDate": "10/10/2020",
   "rate": 498862,
   "region": "Rochester, NY",
   "type": "2-bedroom",
   "status": "Sold",
   "size": 2126
 },
 {
   "propID": "PL71",
   "creationDate": "9/4/2020",
   "rate": 493392,
   "region": "Cortland, NY",
   "type": "3-bedroom",
   "status": "Reserved",
   "size": 3300
 },
 {
   "propID": "PL59",
   "creationDate": "8/1/2020",
   "rate": 488901,
   "region": "Ithaca, NY",
   "type": "3-bedroom",
   "status": "Reserved",
   "size": 1450
 },
 {
   "propID": "PL53",
   "creationDate": "7/2/2020",
   "rate": 486320,
   "region": "Watertown, NY",
   "type": "2-bedroom",
   "status": "Reserved",
   "size": 2789
 },
 {
   "propID": "PL43",
   "creationDate": "6/5/2020",
   "rate": 485107,
   "region": "New York, NY",
   "type": "2-bedroom",
   "status": "Sold",
   "size": 1854
 },
 {
   "propID": "PL29",
   "creationDate": "5/3/2020",
   "rate": 484553,
   "region": "Hudson, NY",
   "type": "3-bedroom",
   "status": "Reserved",
   "size": 1400
 },
 {
   "propID": "PL22",
   "creationDate": "4/3/2020",
   "rate": 483746,
   "region": "Gloversville, NY",
   "type": "3-bedroom",
   "status": "Sold",
   "size": 1900
 },
 {
   "propID": "PL18",
   "creationDate": "3/2/2020",
   "rate": 482259,
   "region": "Olean, NY",
   "type": "2-bedroom",
   "status": "Sold",
   "size": 3182
 },
 {
   "propID": "PL08",
   "creationDate": "2/7/2020",
   "rate": 480845,
   "region": "Kingston, NY",
   "type": "3-bedroom",
   "status": "Reserved",
   "size": 1547
 },
 {
   "propID": "PL01",
   "creationDate": "1/1/2020",
   "rate": 479372,
   "region": "New York, NY",
   "type": "2-bedroom",
   "status": "Sold",
   "size": 1995
 },
 {
   "propID": "PL258",
   "creationDate": "7/24/2022",
   "rate": 377146,
   "region": "Rochester, NY",
   "type": "2-bedroom",
   "status": "Reserved",
   "size": 1763
 },
 {
   "propID": "PL293",
   "creationDate": "10/16/2022",
   "rate": 376147,
   "region": "Ogdensburg, NY",
   "type": "3-bedroom",
   "status": "Sold",
   "size": 1567
 },
 {
   "propID": "PL268",
   "creationDate": "8/16/2022",
   "rate": 375982,
   "region": "Ithaca, NY",
   "type": "3-bedroom",
   "status": "Reserved",
   "size": 1266
 },
 {
   "propID": "PL282",
   "creationDate": "9/17/2022",
   "rate": 375454,
   "region": "New York, NY",
   "type": "2-bedroom",
   "status": "Reserved",
   "size": 1980
 },
 {
   "propID": "PL248",
   "creationDate": "6/24/2022",
   "rate": 374667,
   "region": "Hudson, NY",
   "type": "3-bedroom",
   "status": "Reserved",
   "size": 1250
 },
 {
   "propID": "PL239",
   "creationDate": "5/27/2022",
   "rate": 371319,
   "region": "Glens Falls, NY",
   "type": "3-bedroom",
   "status": "Sold",
   "size": 1680
 },
 {
   "propID": "PL228",
   "creationDate": "4/23/2022",
   "rate": 367675,
   "region": "Cortland, NY",
   "type": "3-bedroom",
   "status": "Reserved",
   "size": 3114
 },
 {
   "propID": "PL215",
   "creationDate": "2/24/2022",
   "rate": 363308,
   "region": "Ogdensburg, NY",
   "type": "3-bedroom",
   "status": "Reserved",
   "size": 1631
 },
 {
   "propID": "PL196",
   "creationDate": "12/19/2021",
   "rate": 358919,
   "region": "Hudson, NY",
   "type": "3-bedroom",
   "status": "Sold",
   "size": 1231
 },
 {
   "propID": "PL182",
   "creationDate": "11/16/2021",
   "rate": 355819,
   "region": "Syracuse, NY",
   "type": "2-bedroom",
   "status": "Unsold",
   "size": 2268
 },
 {
   "propID": "PL172",
   "creationDate": "10/21/2021",
   "rate": 351084,
   "region": "Batavia, NY",
   "type": "3-bedroom",
   "status": "Reserved",
   "size": 2840
 },
 {
   "propID": "PL128",
   "creationDate": "3/24/2021",
   "rate": 310995,
   "region": "Albany, NY",
   "type": "3-bedroom",
   "status": "Reserved",
   "size": 1665
 },
 {
   "propID": "PL118",
   "creationDate": "2/21/2021",
   "rate": 303316,
   "region": "Cortland, NY",
   "type": "3-bedroom",
   "status": "Unsold",
   "size": 2998
 },
 {
   "propID": "PL298",
   "creationDate": "10/28/2022",
   "rate": 301550,
   "region": "Auburn, NY",
   "type": "3-bedroom",
   "status": "Reserved",
   "size": 1000
 },
 {
   "propID": "PL273",
   "creationDate": "8/27/2022",
   "rate": 300157,
   "region": "Olean, NY",
   "type": "2-bedroom",
   "status": "Reserved",
   "size": 1156
 },
 {
   "propID": "PL108",
   "creationDate": "1/28/2021",
   "rate": 295371,
   "region": "Elmira, NY",
   "type": "3-bedroom",
   "status": "Sold",
   "size": 2000
 },
 {
   "propID": "PL90",
   "creationDate": "11/19/2020",
   "rate": 281975,
   "region": "Ogdensburg, NY",
   "type": "2-bedroom",
   "status": "Sold",
   "size": 1019
 },
 {
   "propID": "PL289",
   "creationDate": "10/10/2022",
   "rate": 280947,
   "region": "Kingston, NY",
   "type": "3-bedroom",
   "status": "Sold",
   "size": 1100
 },
 {
   "propID": "PL278",
   "creationDate": "9/10/2022",
   "rate": 278964,
   "region": "Malone, NY",
   "type": "3-bedroom",
   "status": "Reserved",
   "size": 953
 },
 {
   "propID": "PL264",
   "creationDate": "8/7/2022",
   "rate": 276714,
   "region": "Jamestown, NY",
   "type": "3-bedroom",
   "status": "Unsold",
   "size": 1230
 },
 {
   "propID": "PL254",
   "creationDate": "7/14/2022",
   "rate": 274062,
   "region": "Cortland, NY",
   "type": "2-bedroom",
   "status": "Sold",
   "size": 1143
 },
 {
   "propID": "PL244",
   "creationDate": "6/13/2022",
   "rate": 271968,
   "region": "Elmira, NY",
   "type": "3-bedroom",
   "status": "Unsold",
   "size": 2120
 },
 {
   "propID": "PL235",
   "creationDate": "5/8/2022",
   "rate": 269382,
   "region": "Utica, NY",
   "type": "3-bedroom",
   "status": "Reserved",
   "size": 951
 },
 {
   "propID": "PL295",
   "creationDate": "10/19/2022",
   "rate": 266322,
   "region": "Corning, NY",
   "type": "3-bedroom",
   "status": "Sold",
   "size": 2100
 },
 {
   "propID": "PL224",
   "creationDate": "4/13/2022",
   "rate": 265712,
   "region": "Batavia, NY",
   "type": "3-bedroom",
   "status": "Unsold",
   "size": 2090
 },
 {
   "propID": "PL284",
   "creationDate": "9/19/2022",
   "rate": 263584,
   "region": "Rochester, NY",
   "type": "2-bedroom",
   "status": "Unsold",
   "size": 1412
 },
 {
   "propID": "PL270",
   "creationDate": "8/20/2022",
   "rate": 262373,
   "region": "Elmira, NY",
   "type": "2-bedroom",
   "status": "Sold",
   "size": 1542
 },
 {
   "propID": "PL219",
   "creationDate": "3/9/2022",
   "rate": 262334,
   "region": "Plattsburgh, NY",
   "type": "3-bedroom",
   "status": "Sold",
   "size": 900
 },
 {
   "propID": "PL260",
   "creationDate": "7/30/2022",
   "rate": 260268,
   "region": "Syracuse, NY",
   "type": "1-bedroom",
   "status": "Sold",
   "size": 577
 },
 {
   "propID": "PL211",
   "creationDate": "2/16/2022",
   "rate": 259905,
   "region": "Kingston, NY",
   "type": "3-bedroom",
   "status": "Reserved",
   "size": 1169
 },
 {
   "propID": "PL204",
   "creationDate": "1/16/2022",
   "rate": 258717,
   "region": "New York, NY",
   "type": "1-bedroom",
   "status": "Unsold",
   "size": 710
 },
 {
   "propID": "PL250",
   "creationDate": "6/30/2022",
   "rate": 258609,
   "region": "Batavia, NY",
   "type": "3-bedroom",
   "status": "Reserved",
   "size": 1953
 },
 {
   "propID": "PL187",
   "creationDate": "11/27/2021",
   "rate": 257276,
   "region": "Glens Falls, NY",
   "type": "2-bedroom",
   "status": "Unsold",
   "size": 1100
 },
 {
   "propID": "PL192",
   "creationDate": "12/10/2021",
   "rate": 256557,
   "region": "Elmira, NY",
   "type": "2-bedroom",
   "status": "Unsold",
   "size": 926
 },
 {
   "propID": "PL66",
   "creationDate": "8/19/2020",
   "rate": 254533,
   "region": "Oneonta, NY",
   "type": "3-bedroom",
   "status": "Unsold",
   "size": 1149
 },
 {
   "propID": "PL230",
   "creationDate": "4/29/2022",
   "rate": 254363,
   "region": "New York, NY",
   "type": "1-bedroom",
   "status": "Unsold",
   "size": 814
 },
 {
   "propID": "PL178",
   "creationDate": "11/13/2021",
   "rate": 254237,
   "region": "New York, NY",
   "type": "1-bedroom",
   "status": "Unsold",
   "size": 617
 },
 {
   "propID": "PL168",
   "creationDate": "10/4/2021",
   "rate": 251487,
   "region": "Auburn, NY",
   "type": "3-bedroom",
   "status": "Reserved",
   "size": 980
 },
 {
   "propID": "PL162",
   "creationDate": "9/22/2021",
   "rate": 249089,
   "region": "Watertown, NY",
   "type": "1-bedroom",
   "status": "Reserved",
   "size": 759
 },
 {
   "propID": "PL50",
   "creationDate": "6/21/2020",
   "rate": 247235,
   "region": "Kingston, NY",
   "type": "2-bedroom",
   "status": "Reserved",
   "size": 1607
 },
 {
   "propID": "PL156",
   "creationDate": "8/7/2021",
   "rate": 246391,
   "region": "Corning, NY",
   "type": "3-bedroom",
   "status": "Reserved",
   "size": 2053
 },
 {
   "propID": "PL36",
   "creationDate": "5/21/2020",
   "rate": 246196,
   "region": "Ogdensburg, NY",
   "type": "2-bedroom",
   "status": "Unsold",
   "size": 1182
 },
 {
   "propID": "PL15",
   "creationDate": "2/24/2020",
   "rate": 245904,
   "region": "Elmira, NY",
   "type": "2-bedroom",
   "status": "Sold",
   "size": 1070
 },
 {
   "propID": "PL252",
   "creationDate": "7/12/2022",
   "rate": 245510,
   "region": "Malone, NY",
   "type": "3-bedroom",
   "status": "Reserved",
   "size": 1066
 },
 {
   "propID": "PL262",
   "creationDate": "8/4/2022",
   "rate": 245048,
   "region": "Binghamton, NY",
   "type": "3-bedroom",
   "status": "Unsold",
   "size": 2333
 },
 {
   "propID": "PL242",
   "creationDate": "6/4/2022",
   "rate": 244560,
   "region": "Ithaca, NY",
   "type": "2-bedroom",
   "status": "Reserved",
   "size": 1015
 },
 {
   "propID": "PL276",
   "creationDate": "9/5/2022",
   "rate": 244498,
   "region": "Batavia, NY",
   "type": "2-bedroom",
   "status": "Unsold",
   "size": 1268
 },
 {
   "propID": "PL287",
   "creationDate": "10/5/2022",
   "rate": 244001,
   "region": "Utica, NY",
   "type": "3-bedroom",
   "status": "Reserved",
   "size": 1030
 },
 {
   "propID": "PL233",
   "creationDate": "5/6/2022",
   "rate": 242801,
   "region": "Albany, NY",
   "type": "3-bedroom",
   "status": "Unsold",
   "size": 1214
 },
 {
   "propID": "PL152",
   "creationDate": "7/22/2021",
   "rate": 242444,
   "region": "Glens Falls, NY",
   "type": "2-bedroom",
   "status": "Sold",
   "size": 1304
 },
 {
   "propID": "PL222",
   "creationDate": "4/7/2022",
   "rate": 238829,
   "region": "Hudson, NY",
   "type": "2-bedroom",
   "status": "Unsold",
   "size": 1005
 },
 {
   "propID": "PL146",
   "creationDate": "6/20/2021",
   "rate": 238800,
   "region": "Syracuse, NY",
   "type": "1-bedroom",
   "status": "Sold",
   "size": 558
 },
 {
   "propID": "PL198",
   "creationDate": "12/26/2021",
   "rate": 237085,
   "region": "Batavia, NY",
   "type": "2-bedroom",
   "status": "Unsold",
   "size": 1323
 },
 {
   "propID": "PL139",
   "creationDate": "5/13/2021",
   "rate": 235425,
   "region": "Batavia, NY",
   "type": "2-bedroom",
   "status": "Unsold",
   "size": 1464
 },
 {
   "propID": "PL217",
   "creationDate": "3/2/2022",
   "rate": 234670,
   "region": "Corning, NY",
   "type": "3-bedroom",
   "status": "Unsold",
   "size": 2050
 },
 {
   "propID": "PL134",
   "creationDate": "4/24/2021",
   "rate": 233478,
   "region": "Amsterdam, NY",
   "type": "3-bedroom",
   "status": "Reserved",
   "size": 900
 },
 {
   "propID": "PL184",
   "creationDate": "11/19/2021",
   "rate": 233386,
   "region": "Binghamton, NY",
   "type": "2-bedroom",
   "status": "Sold",
   "size": 866
 },
 {
   "propID": "PL174",
   "creationDate": "10/26/2021",
   "rate": 231899,
   "region": "Malone, NY",
   "type": "3-bedroom",
   "status": "Unsold",
   "size": 898
 },
 {
   "propID": "PL124",
   "creationDate": "3/8/2021",
   "rate": 230840,
   "region": "Malone, NY",
   "type": "3-bedroom",
   "status": "Sold",
   "size": 859
 },
 {
   "propID": "PL209",
   "creationDate": "2/8/2022",
   "rate": 230140,
   "region": "Utica, NY",
   "type": "3-bedroom",
   "status": "Sold",
   "size": 798
 },
 {
   "propID": "PL114",
   "creationDate": "2/12/2021",
   "rate": 227923,
   "region": "Batavia, NY",
   "type": "2-bedroom",
   "status": "Sold",
   "size": 1156
 },
 {
   "propID": "PL202",
   "creationDate": "1/11/2022",
   "rate": 227788,
   "region": "Cortland, NY",
   "type": "2-bedroom",
   "status": "Unsold",
   "size": 1194
 },
 {
   "propID": "PL190",
   "creationDate": "12/5/2021",
   "rate": 226007,
   "region": "Ithaca, NY",
   "type": "2-bedroom",
   "status": "Unsold",
   "size": 877
 },
 {
   "propID": "PL41",
   "creationDate": "5/28/2020",
   "rate": 226006,
   "region": "Auburn, NY",
   "type": "3-bedroom",
   "status": "Unsold",
   "size": 940
 },
 {
   "propID": "PL176",
   "creationDate": "11/7/2021",
   "rate": 225007,
   "region": "Cortland, NY",
   "type": "2-bedroom",
   "status": "Sold",
   "size": 799
 },
 {
   "propID": "PL104",
   "creationDate": "1/16/2021",
   "rate": 224230,
   "region": "Watertown, NY",
   "type": "1-bedroom",
   "status": "Unsold",
   "size": 603
 },
 {
   "propID": "PL166",
   "creationDate": "10/2/2021",
   "rate": 223938,
   "region": "Elmira, NY",
   "type": "2-bedroom",
   "status": "Reserved",
   "size": 1418
 },
 {
   "propID": "PL160",
   "creationDate": "9/6/2021",
   "rate": 223198,
   "region": "Utica, NY",
   "type": "3-bedroom",
   "status": "Reserved",
   "size": 944
 },
 {
   "propID": "PL154",
   "creationDate": "8/1/2021",
   "rate": 221697,
   "region": "Ogdensburg, NY",
   "type": "2-bedroom",
   "status": "Unsold",
   "size": 852
 },
 {
   "propID": "PL98",
   "creationDate": "12/24/2020",
   "rate": 221503,
   "region": "Oneonta, NY",
   "type": "2-bedroom",
   "status": "Sold",
   "size": 1425
 },
 {
   "propID": "PL288",
   "creationDate": "10/7/2022",
   "rate": 218880,
   "region": "Binghamton, NY",
   "type": "2-bedroom",
   "status": "Reserved",
   "size": 1019
 },
 {
   "propID": "PL150",
   "creationDate": "7/19/2021",
   "rate": 218865,
   "region": "Kingston, NY",
   "type": "2-bedroom",
   "status": "Reserved",
   "size": 1291
 },
 {
   "propID": "PL86",
   "creationDate": "11/15/2020",
   "rate": 218624,
   "region": "Ithaca, NY",
   "type": "2-bedroom",
   "status": "Reserved",
   "size": 1205
 },
 {
   "propID": "PL263",
   "creationDate": "8/5/2022",
   "rate": 217814,
   "region": "Kingston, NY",
   "type": "2-bedroom",
   "status": "Sold",
   "size": 978
 },
 {
   "propID": "PL277",
   "creationDate": "9/9/2022",
   "rate": 217615,
   "region": "Gloversville, NY",
   "type": "2-bedroom",
   "status": "Sold",
   "size": 909
 },
 {
   "propID": "PL253",
   "creationDate": "7/13/2022",
   "rate": 217530,
   "region": "Amsterdam, NY",
   "type": "3-bedroom",
   "status": "Sold",
   "size": 850
 },
 {
   "propID": "PL243",
   "creationDate": "6/9/2022",
   "rate": 216717,
   "region": "Corning, NY",
   "type": "3-bedroom",
   "status": "Reserved",
   "size": 2022
 },
 {
   "propID": "PL79",
   "creationDate": "10/21/2020",
   "rate": 216373,
   "region": "Utica, NY",
   "type": "3-bedroom",
   "status": "Sold",
   "size": 702
 },
 {
   "propID": "PL234",
   "creationDate": "5/8/2022",
   "rate": 214234,
   "region": "Syracuse, NY",
   "type": "1-bedroom",
   "status": "Unsold",
   "size": 664
 },
 {
   "propID": "PL74",
   "creationDate": "9/12/2020",
   "rate": 213725,
   "region": "New York, NY",
   "type": "1-bedroom",
   "status": "Sold",
   "size": 686
 },
 {
   "propID": "PL144",
   "creationDate": "6/14/2021",
   "rate": 212419,
   "region": "Seneca Falls, NY",
   "type": "3-bedroom",
   "status": "Sold",
   "size": 861
 },
 {
   "propID": "PL62",
   "creationDate": "8/7/2020",
   "rate": 211796,
   "region": "Plattsburgh, NY",
   "type": "3-bedroom",
   "status": "Unsold",
   "size": 792
 },
 {
   "propID": "PL223",
   "creationDate": "4/8/2022",
   "rate": 211438,
   "region": "Oneonta, NY",
   "type": "2-bedroom",
   "status": "Sold",
   "size": 890
 },
 {
   "propID": "PL130",
   "creationDate": "3/31/2021",
   "rate": 210894,
   "region": "Utica, NY",
   "type": "3-bedroom",
   "status": "Reserved",
   "size": 833
 },
 {
   "propID": "PL56",
   "creationDate": "7/13/2020",
   "rate": 210440,
   "region": "Glens Falls, NY",
   "type": "2-bedroom",
   "status": "Unsold",
   "size": 910
 },
 {
   "propID": "PL46",
   "creationDate": "6/10/2020",
   "rate": 209147,
   "region": "Albany, NY",
   "type": "3-bedroom",
   "status": "Reserved",
   "size": 1100
 },
 {
   "propID": "PL32",
   "creationDate": "5/13/2020",
   "rate": 208394,
   "region": "Kingston, NY",
   "type": "2-bedroom",
   "status": "Unsold",
   "size": 798
 },
 {
   "propID": "PL218",
   "creationDate": "3/6/2022",
   "rate": 208352,
   "region": "Elmira, NY",
   "type": "2-bedroom",
   "status": "Sold",
   "size": 974
 },
 {
   "propID": "PL120",
   "creationDate": "2/26/2021",
   "rate": 207745,
   "region": "Hudson, NY",
   "type": "2-bedroom",
   "status": "Reserved",
   "size": 839
 },
 {
   "propID": "PL25",
   "creationDate": "4/13/2020",
   "rate": 207482,
   "region": "Cortland, NY",
   "type": "2-bedroom",
   "status": "Sold",
   "size": 1038
 },
 {
   "propID": "PL21",
   "creationDate": "3/31/2020",
   "rate": 207284,
   "region": "Batavia, NY",
   "type": "2-bedroom",
   "status": "Sold",
   "size": 1366
 },
 {
   "propID": "PL11",
   "creationDate": "2/13/2020",
   "rate": 207275,
   "region": "Watertown, NY",
   "type": "1-bedroom",
   "status": "Sold",
   "size": 477
 },
 {
   "propID": "PL04",
   "creationDate": "1/25/2020",
   "rate": 207014,
   "region": "Albany, NY",
   "type": "2-bedroom",
   "status": "Sold",
   "size": 1071
 },
 {
   "propID": "PL137",
   "creationDate": "5/7/2021",
   "rate": 206301,
   "region": "Hudson, NY",
   "type": "2-bedroom",
   "status": "Reserved",
   "size": 818
 },
 {
   "propID": "PL210",
   "creationDate": "2/15/2022",
   "rate": 205528,
   "region": "Binghamton, NY",
   "type": "2-bedroom",
   "status": "Reserved",
   "size": 899
 },
 {
   "propID": "PL110",
   "creationDate": "1/30/2021",
   "rate": 204259,
   "region": "Auburn, NY",
   "type": "2-bedroom",
   "status": "Reserved",
   "size": 1292
 },
 {
   "propID": "PL290",
   "creationDate": "10/10/2022",
   "rate": 203134,
   "region": "Jamestown, NY",
   "type": "2-bedroom",
   "status": "Sold",
   "size": 1177
 },
 {
   "propID": "PL203",
   "creationDate": "1/15/2022",
   "rate": 202895,
   "region": "Seneca Falls, NY",
   "type": "3-bedroom",
   "status": "Unsold",
   "size": 676
 },
 {
   "propID": "PL279",
   "creationDate": "9/12/2022",
   "rate": 201928,
   "region": "Amsterdam, NY",
   "type": "2-bedroom",
   "status": "Reserved",
   "size": 837
 },
 {
   "propID": "PL132",
   "creationDate": "4/10/2021",
   "rate": 201085,
   "region": "Kingston, NY",
   "type": "1-bedroom",
   "status": "Unsold",
   "size": 856
 },
 {
   "propID": "PL265",
   "creationDate": "8/7/2022",
   "rate": 200823,
   "region": "Glens Falls, NY",
   "type": "1-bedroom",
   "status": "Reserved",
   "size": 552
 },
 {
   "propID": "PL191",
   "creationDate": "12/5/2021",
   "rate": 200324,
   "region": "Corning, NY",
   "type": "3-bedroom",
   "status": "Sold",
   "size": 2000
 },
 {
   "propID": "PL255",
   "creationDate": "7/15/2022",
   "rate": 199061,
   "region": "Seneca Falls, NY",
   "type": "2-bedroom",
   "status": "Sold",
   "size": 792
 },
 {
   "propID": "PL122",
   "creationDate": "3/4/2021",
   "rate": 198768,
   "region": "Batavia, NY",
   "type": "1-bedroom",
   "status": "Sold",
   "size": 648
 },
 {
   "propID": "PL177",
   "creationDate": "11/10/2021",
   "rate": 198192,
   "region": "Seneca Falls, NY",
   "type": "2-bedroom",
   "status": "Unsold",
   "size": 762
 },
 {
   "propID": "PL92",
   "creationDate": "11/26/2020",
   "rate": 197836,
   "region": "Corning, NY",
   "type": "2-bedroom",
   "status": "Unsold",
   "size": 831
 },
 {
   "propID": "PL245",
   "creationDate": "6/17/2022",
   "rate": 197046,
   "region": "Plattsburgh, NY",
   "type": "2-bedroom",
   "status": "Reserved",
   "size": 1186
 },
 {
   "propID": "PL112",
   "creationDate": "2/3/2021",
   "rate": 196912,
   "region": "Hudson, NY",
   "type": "1-bedroom",
   "status": "Reserved",
   "size": 714
 },
 {
   "propID": "PL167",
   "creationDate": "10/2/2021",
   "rate": 196815,
   "region": "Plattsburgh, NY",
   "type": "2-bedroom",
   "status": "Unsold",
   "size": 825
 },
 {
   "propID": "PL161",
   "creationDate": "9/6/2021",
   "rate": 196532,
   "region": "Glens Falls, NY",
   "type": "1-bedroom",
   "status": "Unsold",
   "size": 857
 },
 {
   "propID": "PL155",
   "creationDate": "8/4/2021",
   "rate": 195926,
   "region": "Ithaca, NY",
   "type": "2-bedroom",
   "status": "Reserved",
   "size": 864
 },
 {
   "propID": "PL236",
   "creationDate": "5/10/2022",
   "rate": 195007,
   "region": "Binghamton, NY",
   "type": "1-bedroom",
   "status": "Sold",
   "size": 708
 },
 {
   "propID": "PL17",
   "creationDate": "2/29/2020",
   "rate": 194951,
   "region": "Auburn, NY",
   "type": "2-bedroom",
   "status": "Sold",
   "size": 1268
 },
 {
   "propID": "PL102",
   "creationDate": "1/12/2021",
   "rate": 194830,
   "region": "Utica, NY",
   "type": "3-bedroom",
   "status": "Sold",
   "size": 778
 },
 {
   "propID": "PL151",
   "creationDate": "7/21/2021",
   "rate": 193859,
   "region": "Jamestown, NY",
   "type": "2-bedroom",
   "status": "Reserved",
   "size": 998
 },
 {
   "propID": "PL68",
   "creationDate": "8/22/2020",
   "rate": 193591,
   "region": "Gloversville, NY",
   "type": "2-bedroom",
   "status": "Unsold",
   "size": 839
 },
 {
   "propID": "PL38",
   "creationDate": "5/22/2020",
   "rate": 193353,
   "region": "Corning, NY",
   "type": "2-bedroom",
   "status": "Reserved",
   "size": 1000
 },
 {
   "propID": "PL225",
   "creationDate": "4/13/2022",
   "rate": 192595,
   "region": "Gloversville, NY",
   "type": "2-bedroom",
   "status": "Reserved",
   "size": 804
 },
 {
   "propID": "PL52",
   "creationDate": "6/23/2020",
   "rate": 192458,
   "region": "Glens Falls, NY",
   "type": "1-bedroom",
   "status": "Unsold",
   "size": 551
 },
 {
   "propID": "PL96",
   "creationDate": "12/14/2020",
   "rate": 192439,
   "region": "Olean, NY",
   "type": "2-bedroom",
   "status": "Sold",
   "size": 1026
 },
 {
   "propID": "PL296",
   "creationDate": "10/19/2022",
   "rate": 190711,
   "region": "Elmira, NY",
   "type": "1-bedroom",
   "status": "Unsold",
   "size": 581
 },
 {
   "propID": "PL291",
   "creationDate": "10/12/2022",
   "rate": 190615,
   "region": "Glens Falls, NY",
   "type": "1-bedroom",
   "status": "Reserved",
   "size": 763
 },
 {
   "propID": "PL145",
   "creationDate": "6/16/2021",
   "rate": 190200,
   "region": "Albany, NY",
   "type": "2-bedroom",
   "status": "Reserved",
   "size": 939
 },
 {
   "propID": "PL84",
   "creationDate": "11/8/2020",
   "rate": 189751,
   "region": "Watertown, NY",
   "type": "1-bedroom",
   "status": "Reserved",
   "size": 483
 },
 {
   "propID": "PL280",
   "creationDate": "9/13/2022",
   "rate": 189500,
   "region": "Cortland, NY",
   "type": "1-bedroom",
   "status": "Sold",
   "size": 829
 },
 {
   "propID": "PL220",
   "creationDate": "3/17/2022",
   "rate": 189384,
   "region": "Auburn, NY",
   "type": "2-bedroom",
   "status": "Sold",
   "size": 871
 },
 {
   "propID": "PL285",
   "creationDate": "9/22/2022",
   "rate": 188952,
   "region": "Albany, NY",
   "type": "2-bedroom",
   "status": "Unsold",
   "size": 845
 },
 {
   "propID": "PL266",
   "creationDate": "8/9/2022",
   "rate": 188821,
   "region": "Watertown, NY",
   "type": "1-bedroom",
   "status": "Sold",
   "size": 659
 },
 {
   "propID": "PL271",
   "creationDate": "8/21/2022",
   "rate": 187891,
   "region": "Plattsburgh, NY",
   "type": "2-bedroom",
   "status": "Unsold",
   "size": 833
 },
 {
   "propID": "PL77",
   "creationDate": "10/12/2020",
   "rate": 186537,
   "region": "Albany, NY",
   "type": "2-bedroom",
   "status": "Unsold",
   "size": 896
 },
 {
   "propID": "PL256",
   "creationDate": "7/16/2022",
   "rate": 186537,
   "region": "New York, NY",
   "type": "1-bedroom",
   "status": "Sold",
   "size": 788
 },
 {
   "propID": "PL138",
   "creationDate": "5/9/2021",
   "rate": 186363,
   "region": "Oneonta, NY",
   "type": "2-bedroom",
   "status": "Sold",
   "size": 959
 },
 {
   "propID": "PL212",
   "creationDate": "2/16/2022",
   "rate": 186283,
   "region": "Jamestown, NY",
   "type": "2-bedroom",
   "status": "Sold",
   "size": 804
 },
 {
   "propID": "PL246",
   "creationDate": "6/18/2022",
   "rate": 184192,
   "region": "Auburn, NY",
   "type": "2-bedroom",
   "status": "Reserved",
   "size": 846
 },
 {
   "propID": "PL205",
   "creationDate": "1/18/2022",
   "rate": 183981,
   "region": "Buffalo, NY",
   "type": "2-bedroom",
   "status": "Reserved",
   "size": 1061
 },
 {
   "propID": "PL72",
   "creationDate": "9/7/2020",
   "rate": 183327,
   "region": "Syracuse, NY",
   "type": "1-bedroom",
   "status": "Unsold",
   "size": 792
 },
 {
   "propID": "PL133",
   "creationDate": "4/14/2021",
   "rate": 183058,
   "region": "Jamestown, NY",
   "type": "2-bedroom",
   "status": "Sold",
   "size": 1041
 },
 {
   "propID": "PL237",
   "creationDate": "5/21/2022",
   "rate": 182677,
   "region": "Kingston, NY",
   "type": "1-bedroom",
   "status": "Unsold",
   "size": 889
 },
 {
   "propID": "PL193",
   "creationDate": "12/12/2021",
   "rate": 182331,
   "region": "Plattsburgh, NY",
   "type": "2-bedroom",
   "status": "Unsold",
   "size": 1037
 },
 {
   "propID": "PL226",
   "creationDate": "4/15/2022",
   "rate": 181600,
   "region": "Malone, NY",
   "type": "2-bedroom",
   "status": "Unsold",
   "size": 1067
 },
 {
   "propID": "PL179",
   "creationDate": "11/14/2021",
   "rate": 180890,
   "region": "Buffalo, NY",
   "type": "2-bedroom",
   "status": "Unsold",
   "size": 825
 },
 {
   "propID": "PL123",
   "creationDate": "3/7/2021",
   "rate": 180316,
   "region": "Gloversville, NY",
   "type": "2-bedroom",
   "status": "Sold",
   "size": 1054
 },
 {
   "propID": "PL60",
   "creationDate": "8/2/2020",
   "rate": 180175,
   "region": "Corning, NY",
   "type": "2-bedroom",
   "status": "Reserved",
   "size": 785
 },
 {
   "propID": "PL169",
   "creationDate": "10/13/2021",
   "rate": 179781,
   "region": "Olean, NY",
   "type": "1-bedroom",
   "status": "Reserved",
   "size": 475
 },
 {
   "propID": "PL163",
   "creationDate": "9/25/2021",
   "rate": 178871,
   "region": "Ogdensburg, NY",
   "type": "2-bedroom",
   "status": "Reserved",
   "size": 1008
 },
 {
   "propID": "PL54",
   "creationDate": "7/2/2020",
   "rate": 178111,
   "region": "Kingston, NY",
   "type": "1-bedroom",
   "status": "Sold",
   "size": 668
 },
 {
   "propID": "PL113",
   "creationDate": "2/6/2021",
   "rate": 177844,
   "region": "Oneonta, NY",
   "type": "2-bedroom",
   "status": "Sold",
   "size": 964
 },
 {
   "propID": "PL157",
   "creationDate": "8/13/2021",
   "rate": 177836,
   "region": "Elmira, NY",
   "type": "1-bedroom",
   "status": "Unsold",
   "size": 682
 },
 {
   "propID": "PL231",
   "creationDate": "4/30/2022",
   "rate": 177769,
   "region": "Buffalo, NY",
   "type": "1-bedroom",
   "status": "Sold",
   "size": 460
 },
 {
   "propID": "PL44",
   "creationDate": "6/8/2020",
   "rate": 177298,
   "region": "Buffalo, NY",
   "type": "1-bedroom",
   "status": "Unsold",
   "size": 873
 },
 {
   "propID": "PL30",
   "creationDate": "5/6/2020",
   "rate": 176979,
   "region": "Utica, NY",
   "type": "2-bedroom",
   "status": "Unsold",
   "size": 1119
 },
 {
   "propID": "PL23",
   "creationDate": "4/6/2020",
   "rate": 176760,
   "region": "Malone, NY",
   "type": "2-bedroom",
   "status": "Sold",
   "size": 781
 },
 {
   "propID": "PL213",
   "creationDate": "2/17/2022",
   "rate": 176393,
   "region": "Glens Falls, NY",
   "type": "1-bedroom",
   "status": "Sold",
   "size": 605
 },
 {
   "propID": "PL19",
   "creationDate": "3/12/2020",
   "rate": 176129,
   "region": "Hudson, NY",
   "type": "1-bedroom",
   "status": "Reserved",
   "size": 490
 },
 {
   "propID": "PL103",
   "creationDate": "1/14/2021",
   "rate": 176023,
   "region": "Glens Falls, NY",
   "type": "1-bedroom",
   "status": "Reserved",
   "size": 802
 },
 {
   "propID": "PL09",
   "creationDate": "2/9/2020",
   "rate": 175622,
   "region": "Jamestown, NY",
   "type": "2-bedroom",
   "status": "Reserved",
   "size": 766
 },
 {
   "propID": "PL02",
   "creationDate": "1/1/2020",
   "rate": 175030,
   "region": "Buffalo, NY",
   "type": "1-bedroom",
   "status": "Unsold",
   "size": 770
 },
 {
   "propID": "PL97",
   "creationDate": "12/16/2020",
   "rate": 174582,
   "region": "Hudson, NY",
   "type": "1-bedroom",
   "status": "Reserved",
   "size": 578
 },
 {
   "propID": "PL206",
   "creationDate": "1/24/2022",
   "rate": 173920,
   "region": "Rochester, NY",
   "type": "1-bedroom",
   "status": "Unsold",
   "size": 829
 },
 {
   "propID": "PL147",
   "creationDate": "6/21/2021",
   "rate": 173736,
   "region": "Utica, NY",
   "type": "2-bedroom",
   "status": "Unsold",
   "size": 979
 },
 {
   "propID": "PL180",
   "creationDate": "11/16/2021",
   "rate": 173358,
   "region": "Rochester, NY",
   "type": "1-bedroom",
   "status": "Reserved",
   "size": 623
 },
 {
   "propID": "PL194",
   "creationDate": "12/15/2021",
   "rate": 173090,
   "region": "Auburn, NY",
   "type": "2-bedroom",
   "status": "Reserved",
   "size": 872
 },
 {
   "propID": "PL85",
   "creationDate": "11/14/2020",
   "rate": 173056,
   "region": "Ogdensburg, NY",
   "type": "2-bedroom",
   "status": "Reserved",
   "size": 833
 },
 {
   "propID": "PL170",
   "creationDate": "10/15/2021",
   "rate": 172180,
   "region": "Hudson, NY",
   "type": "1-bedroom",
   "status": "Sold",
   "size": 641
 },
 {
   "propID": "PL78",
   "creationDate": "10/21/2020",
   "rate": 171447,
   "region": "Syracuse, NY",
   "type": "1-bedroom",
   "status": "Reserved",
   "size": 688
 },
 {
   "propID": "PL140",
   "creationDate": "5/24/2021",
   "rate": 170793,
   "region": "Gloversville, NY",
   "type": "1-bedroom",
   "status": "Sold",
   "size": 930
 },
 {
   "propID": "PL199",
   "creationDate": "12/27/2021",
   "rate": 170084,
   "region": "Gloversville, NY",
   "type": "1-bedroom",
   "status": "Sold",
   "size": 475
 },
 {
   "propID": "PL73",
   "creationDate": "9/10/2020",
   "rate": 169569,
   "region": "Utica, NY",
   "type": "2-bedroom",
   "status": "Unsold",
   "size": 860
 },
 {
   "propID": "PL164",
   "creationDate": "9/26/2021",
   "rate": 169547,
   "region": "Ithaca, NY",
   "type": "1-bedroom",
   "status": "Sold",
   "size": 721
 },
 {
   "propID": "PL185",
   "creationDate": "11/20/2021",
   "rate": 168971,
   "region": "Kingston, NY",
   "type": "1-bedroom",
   "status": "Unsold",
   "size": 532
 },
 {
   "propID": "PL135",
   "creationDate": "4/26/2021",
   "rate": 168695,
   "region": "Cortland, NY",
   "type": "1-bedroom",
   "status": "Unsold",
   "size": 744
 },
 {
   "propID": "PL61",
   "creationDate": "8/3/2020",
   "rate": 167386,
   "region": "Elmira, NY",
   "type": "1-bedroom",
   "status": "Unsold",
   "size": 525
 },
 {
   "propID": "PL292",
   "creationDate": "10/13/2022",
   "rate": 166783,
   "region": "Watertown, NY",
   "type": "1-bedroom",
   "status": "Sold",
   "size": 738
 },
 {
   "propID": "PL125",
   "creationDate": "3/10/2021",
   "rate": 166707,
   "region": "Amsterdam, NY",
   "type": "1-bedroom",
   "status": "Unsold",
   "size": 563
 },
 {
   "propID": "PL158",
   "creationDate": "8/16/2021",
   "rate": 166189,
   "region": "Albany, NY",
   "type": "1-bedroom",
   "status": "Sold",
   "size": 802
 },
 {
   "propID": "PL55",
   "creationDate": "7/7/2020",
   "rate": 165722,
   "region": "Jamestown, NY",
   "type": "2-bedroom",
   "status": "Sold",
   "size": 788
 },
 {
   "propID": "PL281",
   "creationDate": "9/16/2022",
   "rate": 165712,
   "region": "Seneca Falls, NY",
   "type": "2-bedroom",
   "status": "Unsold",
   "size": 782
 },
 {
   "propID": "PL115",
   "creationDate": "2/12/2021",
   "rate": 165627,
   "region": "Gloversville, NY",
   "type": "1-bedroom",
   "status": "Unsold",
   "size": 868
 },
 {
   "propID": "PL267",
   "creationDate": "8/10/2022",
   "rate": 164953,
   "region": "Ogdensburg, NY",
   "type": "2-bedroom",
   "status": "Sold",
   "size": 862
 },
 {
   "propID": "PL257",
   "creationDate": "7/22/2022",
   "rate": 164350,
   "region": "Buffalo, NY",
   "type": "1-bedroom",
   "status": "Reserved",
   "size": 553
 },
 {
   "propID": "PL45",
   "creationDate": "6/9/2020",
   "rate": 164309,
   "region": "Rochester, NY",
   "type": "1-bedroom",
   "status": "Sold",
   "size": 857
 },
 {
   "propID": "PL105",
   "creationDate": "1/19/2021",
   "rate": 163762,
   "region": "Ogdensburg, NY",
   "type": "2-bedroom",
   "status": "Sold",
   "size": 757
 },
 {
   "propID": "PL31",
   "creationDate": "5/8/2020",
   "rate": 163514,
   "region": "Binghamton, NY",
   "type": "1-bedroom",
   "status": "Sold",
   "size": 626
 },
 {
   "propID": "PL247",
   "creationDate": "6/22/2022",
   "rate": 163388,
   "region": "Olean, NY",
   "type": "1-bedroom",
   "status": "Reserved",
   "size": 554
 },
 {
   "propID": "PL24",
   "creationDate": "4/10/2020",
   "rate": 162520,
   "region": "Amsterdam, NY",
   "type": "2-bedroom",
   "status": "Unsold",
   "size": 838
 },
 {
   "propID": "PL99",
   "creationDate": "12/24/2020",
   "rate": 162377,
   "region": "Batavia, NY",
   "type": "1-bedroom",
   "status": "Sold",
   "size": 774
 },
 {
   "propID": "PL238",
   "creationDate": "5/26/2022",
   "rate": 162022,
   "region": "Jamestown, NY",
   "type": "2-bedroom",
   "status": "Reserved",
   "size": 873
 },
 {
   "propID": "PL148",
   "creationDate": "6/24/2021",
   "rate": 161638,
   "region": "Binghamton, NY",
   "type": "1-bedroom",
   "status": "Unsold",
   "size": 549
 },
 {
   "propID": "PL20",
   "creationDate": "3/14/2020",
   "rate": 161288,
   "region": "Oneonta, NY",
   "type": "2-bedroom",
   "status": "Reserved",
   "size": 812
 },
 {
   "propID": "PL294",
   "creationDate": "10/19/2022",
   "rate": 161102,
   "region": "Ithaca, NY",
   "type": "1-bedroom",
   "status": "Reserved",
   "size": 599
 },
 {
   "propID": "PL283",
   "creationDate": "9/18/2022",
   "rate": 160747,
   "region": "Buffalo, NY",
   "type": "1-bedroom",
   "status": "Sold",
   "size": 866
 },
 {
   "propID": "PL87",
   "creationDate": "11/17/2020",
   "rate": 160680,
   "region": "Corning, NY",
   "type": "1-bedroom",
   "status": "Unsold",
   "size": 857
 },
 {
   "propID": "PL10",
   "creationDate": "2/10/2020",
   "rate": 160275,
   "region": "Glens Falls, NY",
   "type": "1-bedroom",
   "status": "Sold",
   "size": 807
 },
 {
   "propID": "PL227",
   "creationDate": "4/16/2022",
   "rate": 160238,
   "region": "Amsterdam, NY",
   "type": "1-bedroom",
   "status": "Sold",
   "size": 809
 },
 {
   "propID": "PL269",
   "creationDate": "8/17/2022",
   "rate": 159767,
   "region": "Corning, NY",
   "type": "1-bedroom",
   "status": "Unsold",
   "size": 950
 },
 {
   "propID": "PL03",
   "creationDate": "1/17/2020",
   "rate": 159459,
   "region": "Rochester, NY",
   "type": "1-bedroom",
   "status": "Unsold",
   "size": 513
 },
 {
   "propID": "PL80",
   "creationDate": "10/22/2020",
   "rate": 158693,
   "region": "Binghamton, NY",
   "type": "1-bedroom",
   "status": "Reserved",
   "size": 783
 },
 {
   "propID": "PL259",
   "creationDate": "7/26/2022",
   "rate": 158595,
   "region": "Albany, NY",
   "type": "1-bedroom",
   "status": "Unsold",
   "size": 727
 },
 {
   "propID": "PL141",
   "creationDate": "5/31/2021",
   "rate": 158169,
   "region": "Malone, NY",
   "type": "2-bedroom",
   "status": "Sold",
   "size": 820
 },
 {
   "propID": "PL214",
   "creationDate": "2/19/2022",
   "rate": 157833,
   "region": "Watertown, NY",
   "type": "1-bedroom",
   "status": "Unsold",
   "size": 748
 },
 {
   "propID": "PL75",
   "creationDate": "9/24/2020",
   "rate": 157069,
   "region": "Buffalo, NY",
   "type": "1-bedroom",
   "status": "Reserved",
   "size": 705
 },
 {
   "propID": "PL207",
   "creationDate": "1/27/2022",
   "rate": 156226,
   "region": "Albany, NY",
   "type": "1-bedroom",
   "status": "Sold",
   "size": 824
 },
 {
   "propID": "PL249",
   "creationDate": "6/28/2022",
   "rate": 155622,
   "region": "Oneonta, NY",
   "type": "2-bedroom",
   "status": "Reserved",
   "size": 766
 },
 {
   "propID": "PL63",
   "creationDate": "8/9/2020",
   "rate": 155231,
   "region": "Auburn, NY",
   "type": "1-bedroom",
   "status": "Sold",
   "size": 950
 },
 {
   "propID": "PL195",
   "creationDate": "12/18/2021",
   "rate": 155066,
   "region": "Olean, NY",
   "type": "1-bedroom",
   "status": "Sold",
   "size": 518
 },
 {
   "propID": "PL57",
   "creationDate": "7/27/2020",
   "rate": 154009,
   "region": "Watertown, NY",
   "type": "1-bedroom",
   "status": "Unsold",
   "size": 861
 },
 {
   "propID": "PL181",
   "creationDate": "11/16/2021",
   "rate": 153904,
   "region": "Albany, NY",
   "type": "1-bedroom",
   "status": "Reserved",
   "size": 752
 },
 {
   "propID": "PL171",
   "creationDate": "10/20/2021",
   "rate": 153690,
   "region": "Oneonta, NY",
   "type": "2-bedroom",
   "status": "Sold",
   "size": 809
 },
 {
   "propID": "PL299",
   "creationDate": "10/29/2022",
   "rate": 153265,
   "region": "Olean, NY",
   "type": "1-bedroom",
   "status": "Sold",
   "size": 819
 },
 {
   "propID": "PL47",
   "creationDate": "6/11/2020",
   "rate": 152574,
   "region": "Syracuse, NY",
   "type": "1-bedroom",
   "status": "Unsold",
   "size": 815
 },
 {
   "propID": "PL93",
   "creationDate": "11/28/2020",
   "rate": 152012,
   "region": "Elmira, NY",
   "type": "1-bedroom",
   "status": "Unsold",
   "size": 862
 },
 {
   "propID": "PL240",
   "creationDate": "5/31/2022",
   "rate": 151673,
   "region": "Watertown, NY",
   "type": "1-bedroom",
   "status": "Reserved",
   "size": 471
 },
 {
   "propID": "PL126",
   "creationDate": "3/14/2021",
   "rate": 151645,
   "region": "Cortland, NY",
   "type": "1-bedroom",
   "status": "Reserved",
   "size": 730
 },
 {
   "propID": "PL33",
   "creationDate": "5/18/2020",
   "rate": 151616,
   "region": "Jamestown, NY",
   "type": "1-bedroom",
   "status": "Reserved",
   "size": 771
 },
 {
   "propID": "PL26",
   "creationDate": "4/14/2020",
   "rate": 150478,
   "region": "Seneca Falls, NY",
   "type": "2-bedroom",
   "status": "Sold",
   "size": 860
 },
 {
   "propID": "PL116",
   "creationDate": "2/14/2021",
   "rate": 149594,
   "region": "Malone, NY",
   "type": "2-bedroom",
   "status": "Sold",
   "size": 788
 },
 {
   "propID": "PL274",
   "creationDate": "8/30/2022",
   "rate": 149356,
   "region": "Hudson, NY",
   "type": "1-bedroom",
   "status": "Reserved",
   "size": 860
 },
 {
   "propID": "PL69",
   "creationDate": "8/22/2020",
   "rate": 149297,
   "region": "Malone, NY",
   "type": "2-bedroom",
   "status": "Unsold",
   "size": 823
 },
 {
   "propID": "PL12",
   "creationDate": "2/14/2020",
   "rate": 147699,
   "region": "Ogdensburg, NY",
   "type": "1-bedroom",
   "status": "Reserved",
   "size": 698
 },
 {
   "propID": "PL39",
   "creationDate": "5/26/2020",
   "rate": 147534,
   "region": "Elmira, NY",
   "type": "1-bedroom",
   "status": "Reserved",
   "size": 712
 },
 {
   "propID": "PL229",
   "creationDate": "4/26/2022",
   "rate": 147525,
   "region": "Seneca Falls, NY",
   "type": "2-bedroom",
   "status": "Sold",
   "size": 842
 },
 {
   "propID": "PL05",
   "creationDate": "1/26/2020",
   "rate": 147048,
   "region": "Syracuse, NY",
   "type": "1-bedroom",
   "status": "Unsold",
   "size": 527
 },
 {
   "propID": "PL106",
   "creationDate": "1/27/2021",
   "rate": 146751,
   "region": "Ithaca, NY",
   "type": "1-bedroom",
   "status": "Unsold",
   "size": 533
 },
 {
   "propID": "PL100",
   "creationDate": "12/26/2020",
   "rate": 144434,
   "region": "Gloversville, NY",
   "type": "1-bedroom",
   "status": "Sold",
   "size": 860
 },
 {
   "propID": "PL88",
   "creationDate": "11/18/2020",
   "rate": 142402,
   "region": "Elmira, NY",
   "type": "1-bedroom",
   "status": "Reserved",
   "size": 694
 },
 {
   "propID": "PL81",
   "creationDate": "10/26/2020",
   "rate": 140984,
   "region": "Kingston, NY",
   "type": "1-bedroom",
   "status": "Unsold",
   "size": 703
 },
 {
   "propID": "PL142",
   "creationDate": "5/31/2021",
   "rate": 140111,
   "region": "Amsterdam, NY",
   "type": "1-bedroom",
   "status": "Reserved",
   "size": 685
 },
 {
   "propID": "PL64",
   "creationDate": "8/13/2020",
   "rate": 139237,
   "region": "Olean, NY",
   "type": "1-bedroom",
   "status": "Sold",
   "size": 506
 },
 {
   "propID": "PL27",
   "creationDate": "4/14/2020",
   "rate": 139196,
   "region": "Auburn, NY",
   "type": "1-bedroom",
   "status": "Unsold",
   "size": 572
 },
 {
   "propID": "PL34",
   "creationDate": "5/20/2020",
   "rate": 138779,
   "region": "Glens Falls, NY",
   "type": "1-bedroom",
   "status": "Sold",
   "size": 773
 },
 {
   "propID": "PL13",
   "creationDate": "2/17/2020",
   "rate": 138739,
   "region": "Ithaca, NY",
   "type": "1-bedroom",
   "status": "Sold",
   "size": 850
 },
 {
   "propID": "PL48",
   "creationDate": "6/11/2020",
   "rate": 138498,
   "region": "Utica, NY",
   "type": "2-bedroom",
   "status": "Unsold",
   "size": 852
 },
 {
   "propID": "PL58",
   "creationDate": "7/30/2020",
   "rate": 138492,
   "region": "Ogdensburg, NY",
   "type": "1-bedroom",
   "status": "Sold",
   "size": 556
 },
 {
   "propID": "PL06",
   "creationDate": "1/28/2020",
   "rate": 137996,
   "region": "Utica, NY",
   "type": "2-bedroom",
   "status": "Sold",
   "size": 801
 },
 {
   "propID": "PL197",
   "creationDate": "12/19/2021",
   "rate": 137966,
   "region": "Oneonta, NY",
   "type": "2-bedroom",
   "status": "Sold",
   "size": 778
 },
 {
   "propID": "PL300",
   "creationDate": "10/30/2022",
   "rate": 136972,
   "region": "Hudson, NY",
   "type": "1-bedroom",
   "status": "Sold",
   "size": 942
 },
 {
   "propID": "PL127",
   "creationDate": "3/18/2021",
   "rate": 136076,
   "region": "Seneca Falls, NY",
   "type": "2-bedroom",
   "status": "Reserved",
   "size": 800
 },
 {
   "propID": "PL183",
   "creationDate": "11/17/2021",
   "rate": 135084,
   "region": "Utica, NY",
   "type": "2-bedroom",
   "status": "Sold",
   "size": 757
 },
 {
   "propID": "PL117",
   "creationDate": "2/20/2021",
   "rate": 134551,
   "region": "Amsterdam, NY",
   "type": "1-bedroom",
   "status": "Sold",
   "size": 844
 },
 {
   "propID": "PL188",
   "creationDate": "11/28/2021",
   "rate": 133601,
   "region": "Watertown, NY",
   "type": "1-bedroom",
   "status": "Reserved",
   "size": 918
 },
 {
   "propID": "PL107",
   "creationDate": "1/28/2021",
   "rate": 132992,
   "region": "Corning, NY",
   "type": "1-bedroom",
   "status": "Unsold",
   "size": 650
 },
 {
   "propID": "PL173",
   "creationDate": "10/23/2021",
   "rate": 132577,
   "region": "Gloversville, NY",
   "type": "1-bedroom",
   "status": "Reserved",
   "size": 497
 },
 {
   "propID": "PL89",
   "creationDate": "11/19/2020",
   "rate": 131158,
   "region": "Watertown, NY",
   "type": "1-bedroom",
   "status": "Unsold",
   "size": 665
 },
 {
   "propID": "PL82",
   "creationDate": "10/26/2020",
   "rate": 129995,
   "region": "Jamestown, NY",
   "type": "1-bedroom",
   "status": "Sold",
   "size": 916
 },
 {
   "propID": "PL65",
   "creationDate": "8/17/2020",
   "rate": 127866,
   "region": "Hudson, NY",
   "type": "1-bedroom",
   "status": "Reserved",
   "size": 825
 },
 {
   "propID": "PL49",
   "creationDate": "6/13/2020",
   "rate": 125494,
   "region": "Binghamton, NY",
   "type": "1-bedroom",
   "status": "Sold",
   "size": 485
 },
 {
   "propID": "PL35",
   "creationDate": "5/20/2020",
   "rate": 124856,
   "region": "Watertown, NY",
   "type": "1-bedroom",
   "status": "Unsold",
   "size": 763
 },
 {
   "propID": "PL28",
   "creationDate": "4/18/2020",
   "rate": 124610,
   "region": "Olean, NY",
   "type": "1-bedroom",
   "status": "Unsold",
   "size": 497
 },
 {
   "propID": "PL14",
   "creationDate": "2/23/2020",
   "rate": 123680,
   "region": "Corning, NY",
   "type": "1-bedroom",
   "status": "Unsold",
   "size": 744
 },
 {
   "propID": "PL07",
   "creationDate": "1/30/2020",
   "rate": 122780,
   "region": "Binghamton, NY",
   "type": "1-bedroom",
   "status": "Unsold",
   "size": 721
 },
 {
   "propID": "PL272",
   "creationDate": "8/25/2022",
   "rate": 119938,
   "region": "Auburn, NY",
   "type": "1-bedroom",
   "status": "Reserved",
   "size": 853
 },
 {
   "propID": "PL129",
   "creationDate": "3/27/2021",
   "rate": 119486,
   "region": "Syracuse, NY",
   "type": "1-bedroom",
   "status": "Reserved",
   "size": 504
 },
 {
   "propID": "PL297",
   "creationDate": "10/20/2022",
   "rate": 117873,
   "region": "Plattsburgh, NY",
   "type": "1-bedroom",
   "status": "Unsold",
   "size": 612
 },
 {
   "propID": "PL119",
   "creationDate": "2/24/2021",
   "rate": 117518,
   "region": "Seneca Falls, NY",
   "type": "2-bedroom",
   "status": "Sold",
   "size": 777
 },
 {
   "propID": "PL109",
   "creationDate": "1/29/2021",
   "rate": 116332,
   "region": "Plattsburgh, NY",
   "type": "1-bedroom",
   "status": "Sold",
   "size": 675
 },
 {
   "propID": "PL91",
   "creationDate": "11/20/2020",
   "rate": 114721,
   "region": "Ithaca, NY",
   "type": "1-bedroom",
   "status": "Unsold",
   "size": 722
 },
 {
   "propID": "PL67",
   "creationDate": "8/21/2020",
   "rate": 111356,
   "region": "Batavia, NY",
   "type": "1-bedroom",
   "status": "Reserved",
   "size": 847
 },
 {
   "propID": "PL42",
   "creationDate": "5/31/2020",
   "rate": 111147,
   "region": "Olean, NY",
   "type": "1-bedroom",
   "status": "Sold",
   "size": 559
 },
 {
   "propID": "PL200",
   "creationDate": "12/27/2021",
   "rate": 110447,
   "region": "Malone, NY",
   "type": "2-bedroom",
   "status": "Unsold",
   "size": 855
 },
 {
   "propID": "PL51",
   "creationDate": "6/21/2020",
   "rate": 109559,
   "region": "Jamestown, NY",
   "type": "1-bedroom",
   "status": "Sold",
   "size": 939
 },
 {
   "propID": "PL37",
   "creationDate": "5/22/2020",
   "rate": 109153,
   "region": "Ithaca, NY",
   "type": "1-bedroom",
   "status": "Sold",
   "size": 609
 },
 {
   "propID": "PL186",
   "creationDate": "11/25/2021",
   "rate": 107728,
   "region": "Jamestown, NY",
   "type": "1-bedroom",
   "status": "Reserved",
   "size": 811
 },
 {
   "propID": "PL16",
   "creationDate": "2/25/2020",
   "rate": 106840,
   "region": "Plattsburgh, NY",
   "type": "1-bedroom",
   "status": "Unsold",
   "size": 854
 },
 {
   "propID": "PL94",
   "creationDate": "11/28/2020",
   "rate": 85938,
   "region": "Plattsburgh, NY",
   "type": "1-bedroom",
   "status": "Reserved",
   "size": 613
 },
 {
   "propID": "PL40",
   "creationDate": "5/27/2020",
   "rate": 82763,
   "region": "Plattsburgh, NY",
   "type": "1-bedroom",
   "status": "Sold",
   "size": 817
 },
 {
   "propID": "PL70",
   "creationDate": "8/31/2020",
   "rate": 82130,
   "region": "Amsterdam, NY",
   "type": "1-bedroom",
   "status": "Unsold",
   "size": 778
 }
]