[
 {
   "ssn": "241-36-8494",
   "name": "Mason Cozins",
   "gender": "Male",
   "email": "mcozins0@abc.net.au",
   "phoneNumber": "948-615-4205",
   "streetAddress": "59159 Ridgeview Junction",
   "city": "San Agustin",
   "zip": "48040",
   "occupation": "Geological Engineer"
 },
 {
   "ssn": "889-30-4906",
   "name": "Balduin Pawlowicz",
   "gender": "Male",
   "email": "bpawlowicz1@histats.com",
   "phoneNumber": "597-394-2007",
   "streetAddress": "890 Novick Avenue",
   "city": "Kafir Qala",
   "zip": "",
   "occupation": "Senior Quality Engineer"
 },
 {
   "ssn": "486-55-9800",
   "name": "Mufi Wateridge",
   "gender": "Female",
   "email": "mwateridge2@histats.com",
   "phoneNumber": "361-417-8318",
   "streetAddress": "024 Manley Place",
   "city": "Niquelândia",
   "zip": "76420-000",
   "occupation": "Executive Secretary"
 },
 {
   "ssn": "735-89-9560",
   "name": "Burr Beyn",
   "gender": "Male",
   "email": "bbeyn3@phpbb.com",
   "phoneNumber": "540-129-8281",
   "streetAddress": "3 Dahle Point",
   "city": "Coayllo",
   "zip": "",
   "occupation": "Research Nurse"
 },
 {
   "ssn": "459-58-9680",
   "name": "Wade Pauli",
   "gender": "",
   "email": "wpauli4@blog.com",
   "phoneNumber": "619-916-7915",
   "streetAddress": "40567 Green Ridge Hill",
   "city": "Paris 02",
   "zip": "75075 CEDEX 02",
   "occupation": "Staff Accountant III"
 },
 {
   "ssn": "698-88-0859",
   "name": "Dieter Ralling",
   "gender": "Male",
   "email": "dralling5@aol.com",
   "phoneNumber": "742-911-1092",
   "streetAddress": "860 Corben Crossing",
   "city": "Azul",
   "zip": "7300",
   "occupation": "Staff Scientist"
 },
 {
   "ssn": "882-33-4687",
   "name": "Kelcey Lambdon",
   "gender": "",
   "email": "klambdon6@tinypic.com",
   "phoneNumber": "336-488-4261",
   "streetAddress": "2229 Dovetail Terrace",
   "city": "Winston Salem",
   "zip": "27150",
   "occupation": "Registered Nurse"
 },
 {
   "ssn": "745-10-8866",
   "name": "Richy Crumbie",
   "gender": "Male",
   "email": "rcrumbie7@prlog.org",
   "phoneNumber": "571-368-9531",
   "streetAddress": "21138 Browning Trail",
   "city": "Ängelholm",
   "zip": "262 34",
   "occupation": "Civil Engineer"
 },
 {
   "ssn": "565-35-3897",
   "name": "Sterling Raspin",
   "gender": "Male",
   "email": "sraspin8@bravesites.com",
   "phoneNumber": "141-293-6619",
   "streetAddress": "483 Kenwood Pass",
   "city": "Sebewe",
   "zip": "",
   "occupation": "Community Outreach Specialist"
 },
 {
   "ssn": "865-16-9392",
   "name": "Cullan Cousin",
   "gender": "Male",
   "email": "ccousin9@google.nl",
   "phoneNumber": "772-168-0967",
   "streetAddress": "47156 Kim Court",
   "city": "Leceia",
   "zip": "2730-060",
   "occupation": "Food Chemist"
 },
 {
   "ssn": "139-54-8369",
   "name": "Ann Lanston",
   "gender": "Female",
   "email": "alanstona@mapy.cz",
   "phoneNumber": "460-328-4533",
   "streetAddress": "7 Lyons Terrace",
   "city": "Prévost",
   "zip": "T7Z",
   "occupation": "Business Systems Development Analyst"
 },
 {
   "ssn": "624-44-8693",
   "name": "Tito Alabone",
   "gender": "Male",
   "email": "talaboneb@1und1.de",
   "phoneNumber": "150-517-7976",
   "streetAddress": "90 Lerdahl Drive",
   "city": "Jiefang",
   "zip": "",
   "occupation": "Recruiting Manager"
 },
 {
   "ssn": "704-68-0490",
   "name": "Persis Darque",
   "gender": "Female",
   "email": "pdarquec@gmpg.org",
   "phoneNumber": "753-840-9675",
   "streetAddress": "4911 Nova Drive",
   "city": "Prochnookopskaya",
   "zip": "352947",
   "occupation": "Information Systems Manager"
 },
 {
   "ssn": "334-03-0836",
   "name": "Geordie Tabb",
   "gender": "Male",
   "email": "gtabbd@usatoday.com",
   "phoneNumber": "526-111-4497",
   "streetAddress": "38 Maywood Parkway",
   "city": "Izlake",
   "zip": "1411",
   "occupation": "Systems Administrator II"
 },
 {
   "ssn": "835-74-6455",
   "name": "Peggy Boor",
   "gender": "Bigender",
   "email": "pboore@about.com",
   "phoneNumber": "476-399-9725",
   "streetAddress": "279 Texas Way",
   "city": "Zhangxiang",
   "zip": "",
   "occupation": "Assistant Manager"
 },
 {
   "ssn": "834-76-9671",
   "name": "Ynes Gommey",
   "gender": "",
   "email": "ygommeyf@noaa.gov",
   "phoneNumber": "718-343-0544",
   "streetAddress": "8153 Rutledge Alley",
   "city": "Bergen",
   "zip": "5098",
   "occupation": "Senior Editor"
 },
 {
   "ssn": "614-48-9685",
   "name": "Richie Domaschke",
   "gender": "Male",
   "email": "rdomaschkeg@cnn.com",
   "phoneNumber": "166-296-8165",
   "streetAddress": "2191 Carberry Place",
   "city": "Karlstad",
   "zip": "653 44",
   "occupation": "Nurse Practicioner"
 },
 {
   "ssn": "350-62-6951",
   "name": "Ninnetta Vears",
   "gender": "",
   "email": "nvearsh@hhs.gov",
   "phoneNumber": "806-352-8810",
   "streetAddress": "39 Basil Parkway",
   "city": "Schengen",
   "zip": "L-5445",
   "occupation": "Structural Engineer"
 },
 {
   "ssn": "771-91-7568",
   "name": "Care Branni",
   "gender": "Male",
   "email": "cbrannii@shutterfly.com",
   "phoneNumber": "534-487-9559",
   "streetAddress": "9431 Waxwing Hill",
   "city": "San Rafael del Sur",
   "zip": "",
   "occupation": "Physical Therapy Assistant"
 },
 {
   "ssn": "150-06-1325",
   "name": "Ellynn Albany",
   "gender": "Bigender",
   "email": "ealbanyj@scientificamerican.com",
   "phoneNumber": "630-496-0407",
   "streetAddress": "9 Kedzie Hill",
   "city": "San Francisco",
   "zip": "87504",
   "occupation": "Paralegal"
 },
 {
   "ssn": "897-07-7913",
   "name": "Aldwin Hostan",
   "gender": "Male",
   "email": "ahostank@hexun.com",
   "phoneNumber": "782-369-1863",
   "streetAddress": "978 Sunnyside Pass",
   "city": "Pacho",
   "zip": "254008",
   "occupation": "Data Coordiator"
 },
 {
   "ssn": "783-63-0194",
   "name": "Pancho Sussex",
   "gender": "Male",
   "email": "psussexl@nymag.com",
   "phoneNumber": "820-246-1269",
   "streetAddress": "9 Golden Leaf Pass",
   "city": "Toul",
   "zip": "54204 CEDEX",
   "occupation": "Engineer I"
 },
 {
   "ssn": "841-03-7109",
   "name": "Mala O'Malley",
   "gender": "Female",
   "email": "momalleym@tamu.edu",
   "phoneNumber": "500-876-6706",
   "streetAddress": "43355 Loftsgordon Pass",
   "city": "Haguenau",
   "zip": "67504 CEDEX",
   "occupation": "Cost Accountant"
 },
 {
   "ssn": "334-61-1076",
   "name": "Wat Aldwinckle",
   "gender": "Male",
   "email": "waldwincklen@over-blog.com",
   "phoneNumber": "467-929-9086",
   "streetAddress": "941 Hagan Way",
   "city": "Jiangyin",
   "zip": "",
   "occupation": "Assistant Media Planner"
 },
 {
   "ssn": "350-56-4860",
   "name": "Elbertina Corr",
   "gender": "Female",
   "email": "ecorro@hubpages.com",
   "phoneNumber": "128-348-6020",
   "streetAddress": "14157 Pennsylvania Parkway",
   "city": "Rrapë",
   "zip": "",
   "occupation": "Assistant Media Planner"
 },
 {
   "ssn": "764-23-2608",
   "name": "Clarette Neilson",
   "gender": "",
   "email": "cneilsonp@histats.com",
   "phoneNumber": "339-777-2121",
   "streetAddress": "45 Oakridge Crossing",
   "city": "Abucay",
   "zip": "2114",
   "occupation": "Social Worker"
 },
 {
   "ssn": "418-30-4317",
   "name": "Andrey Hethron",
   "gender": "Male",
   "email": "ahethronq@amazon.co.uk",
   "phoneNumber": "205-552-3120",
   "streetAddress": "006 Corscot Center",
   "city": "Guzhu",
   "zip": "",
   "occupation": "Software Test Engineer IV"
 },
 {
   "ssn": "281-72-6363",
   "name": "Atalanta Josowitz",
   "gender": "Bigender",
   "email": "ajosowitzr@umich.edu",
   "phoneNumber": "558-342-6121",
   "streetAddress": "4 Onsgard Plaza",
   "city": "Hezheng Chengguanzhen",
   "zip": "",
   "occupation": "Director of Sales"
 },
 {
   "ssn": "633-23-2715",
   "name": "Lydon Heasman",
   "gender": "Male",
   "email": "lheasmans@hud.gov",
   "phoneNumber": "650-844-1265",
   "streetAddress": "0 Anzinger Junction",
   "city": "San Quintin",
   "zip": "2808",
   "occupation": "Research Nurse"
 },
 {
   "ssn": "423-60-0972",
   "name": "Flossy Eyers",
   "gender": "",
   "email": "feyerst@hostgator.com",
   "phoneNumber": "371-576-4647",
   "streetAddress": "1908 Comanche Road",
   "city": "Bendo",
   "zip": "",
   "occupation": "Automation Specialist I"
 },
 {
   "ssn": "187-13-3211",
   "name": "Maryellen Brogioni",
   "gender": "",
   "email": "mbrogioniu@businessweek.com",
   "phoneNumber": "891-234-5098",
   "streetAddress": "937 Sutteridge Way",
   "city": "Dinskaya",
   "zip": "353226",
   "occupation": "Product Engineer"
 },
 {
   "ssn": "341-41-9580",
   "name": "Angelina Guthrie",
   "gender": "",
   "email": "aguthriev@paginegialle.it",
   "phoneNumber": "406-700-0069",
   "streetAddress": "93090 Grasskamp Terrace",
   "city": "Janas",
   "zip": "2710-257",
   "occupation": "Assistant Manager"
 },
 {
   "ssn": "815-99-0271",
   "name": "Caril Salsberg",
   "gender": "",
   "email": "csalsbergw@pinterest.com",
   "phoneNumber": "847-628-4471",
   "streetAddress": "7 Arkansas Junction",
   "city": "Rungis",
   "zip": "94631 CEDEX 1",
   "occupation": "Associate Professor"
 },
 {
   "ssn": "519-76-0696",
   "name": "Virgie Rachuig",
   "gender": "Male",
   "email": "vrachuigx@booking.com",
   "phoneNumber": "894-320-3225",
   "streetAddress": "085 Sullivan Trail",
   "city": "Gaoleshan",
   "zip": "",
   "occupation": "Occupational Therapist"
 },
 {
   "ssn": "586-12-6663",
   "name": "Katee Argabrite",
   "gender": "Female",
   "email": "kargabritey@multiply.com",
   "phoneNumber": "664-644-3845",
   "streetAddress": "6502 Hollow Ridge Plaza",
   "city": "Acaraú",
   "zip": "62580-000",
   "occupation": "Account Executive"
 },
 {
   "ssn": "551-64-6365",
   "name": "Hobey Cossentine",
   "gender": "Agender",
   "email": "hcossentinez@amazonaws.com",
   "phoneNumber": "255-536-3131",
   "streetAddress": "6 Johnson Center",
   "city": "Ash Shaddādah",
   "zip": "",
   "occupation": "Technical Writer"
 },
 {
   "ssn": "293-11-6353",
   "name": "Nils Sidden",
   "gender": "Male",
   "email": "nsidden10@twitter.com",
   "phoneNumber": "693-402-9380",
   "streetAddress": "744 South Way",
   "city": "Nugas",
   "zip": "3102",
   "occupation": "Geological Engineer"
 },
 {
   "ssn": "886-39-6778",
   "name": "Fionnula Leversuch",
   "gender": "Female",
   "email": "fleversuch11@ihg.com",
   "phoneNumber": "737-566-4158",
   "streetAddress": "3 High Crossing Place",
   "city": "Balung",
   "zip": "",
   "occupation": "Software Consultant"
 },
 {
   "ssn": "566-13-6687",
   "name": "Horatius Vergo",
   "gender": "",
   "email": "hvergo12@uiuc.edu",
   "phoneNumber": "906-630-4284",
   "streetAddress": "78203 Vidon Lane",
   "city": "Chigang",
   "zip": "",
   "occupation": "Design Engineer"
 },
 {
   "ssn": "736-15-3642",
   "name": "Hillyer Scotson",
   "gender": "Male",
   "email": "hscotson13@yale.edu",
   "phoneNumber": "890-740-9958",
   "streetAddress": "0009 Karstens Avenue",
   "city": "Shevchenkove",
   "zip": "",
   "occupation": "VP Accounting"
 },
 {
   "ssn": "872-60-9397",
   "name": "Belia Skett",
   "gender": "Polygender",
   "email": "bskett14@multiply.com",
   "phoneNumber": "911-448-5502",
   "streetAddress": "51230 Moose Way",
   "city": "Matwaḩ",
   "zip": "",
   "occupation": "Product Engineer"
 },
 {
   "ssn": "499-36-8432",
   "name": "Lavinie Alvar",
   "gender": "Genderqueer",
   "email": "lalvar15@blog.com",
   "phoneNumber": "626-193-2673",
   "streetAddress": "9244 Gerald Alley",
   "city": "Keffin Hausa",
   "zip": "",
   "occupation": "Accountant II"
 },
 {
   "ssn": "580-08-4362",
   "name": "Celka Challenger",
   "gender": "Female",
   "email": "cchallenger16@i2i.jp",
   "phoneNumber": "213-771-9658",
   "streetAddress": "9961 Stoughton Park",
   "city": "Vyritsa",
   "zip": "188382",
   "occupation": "Occupational Therapist"
 },
 {
   "ssn": "577-56-6135",
   "name": "Andriette Fernandes",
   "gender": "Female",
   "email": "afernandes17@artisteer.com",
   "phoneNumber": "381-639-4952",
   "streetAddress": "4877 Wayridge Park",
   "city": "Shums’k",
   "zip": "",
   "occupation": "Associate Professor"
 },
 {
   "ssn": "177-10-1755",
   "name": "Stephie Androli",
   "gender": "Bigender",
   "email": "sandroli18@printfriendly.com",
   "phoneNumber": "708-323-4975",
   "streetAddress": "24184 Chive Trail",
   "city": "Leeuwarden",
   "zip": "8934",
   "occupation": "Safety Technician I"
 },
 {
   "ssn": "401-88-9744",
   "name": "Shelton Stanbrooke",
   "gender": "Male",
   "email": "sstanbrooke19@state.tx.us",
   "phoneNumber": "398-301-8176",
   "streetAddress": "63171 Sunbrook Way",
   "city": "Dzhubga",
   "zip": "352844",
   "occupation": "Human Resources Manager"
 },
 {
   "ssn": "769-02-8612",
   "name": "Lida Caudelier",
   "gender": "Female",
   "email": "lcaudelier1a@dagondesign.com",
   "phoneNumber": "295-816-7941",
   "streetAddress": "7 Mallory Way",
   "city": "Divinópolis",
   "zip": "35500-000",
   "occupation": "Office Assistant I"
 },
 {
   "ssn": "791-02-5013",
   "name": "Dev Dunbobin",
   "gender": "Male",
   "email": "ddunbobin1b@irs.gov",
   "phoneNumber": "437-932-6757",
   "streetAddress": "75 Ryan Place",
   "city": "Troyan",
   "zip": "5667",
   "occupation": "Systems Administrator III"
 },
 {
   "ssn": "247-59-3402",
   "name": "Jamima de Wilde",
   "gender": "Female",
   "email": "jde1c@infoseek.co.jp",
   "phoneNumber": "919-189-0104",
   "streetAddress": "9 Amoth Parkway",
   "city": "Isugod",
   "zip": "4336",
   "occupation": "Marketing Manager"
 },
 {
   "ssn": "879-17-2781",
   "name": "Briano Dodd",
   "gender": "Male",
   "email": "bdodd1d@fotki.com",
   "phoneNumber": "710-590-0007",
   "streetAddress": "44 Fulton Alley",
   "city": "Russkiy",
   "zip": "690922",
   "occupation": "Project Manager"
 },
 {
   "ssn": "729-08-1821",
   "name": "Hally Lawday",
   "gender": "Female",
   "email": "hlawday1e@mail.ru",
   "phoneNumber": "569-458-7200",
   "streetAddress": "8793 Norway Maple Alley",
   "city": "Pontal",
   "zip": "14180-000",
   "occupation": "Graphic Designer"
 },
 {
   "ssn": "806-83-2548",
   "name": "Townie Pennetta",
   "gender": "",
   "email": "tpennetta1f@soup.io",
   "phoneNumber": "179-415-7777",
   "streetAddress": "4318 Hauk Drive",
   "city": "Černá Hora",
   "zip": "679 21",
   "occupation": "Occupational Therapist"
 },
 {
   "ssn": "119-63-9318",
   "name": "Gene Buckmaster",
   "gender": "Female",
   "email": "gbuckmaster1g@webnode.com",
   "phoneNumber": "246-281-0763",
   "streetAddress": "50645 Bonner Way",
   "city": "Taldykorgan",
   "zip": "",
   "occupation": "Assistant Manager"
 },
 {
   "ssn": "837-60-3752",
   "name": "Betta Pittendreigh",
   "gender": "",
   "email": "bpittendreigh1h@unc.edu",
   "phoneNumber": "315-425-5526",
   "streetAddress": "384 La Follette Alley",
   "city": "Göteborg",
   "zip": "405 10",
   "occupation": "Software Consultant"
 },
 {
   "ssn": "451-72-7469",
   "name": "Lindsy Margiotta",
   "gender": "",
   "email": "lmargiotta1i@state.gov",
   "phoneNumber": "153-623-3326",
   "streetAddress": "821 Mendota Circle",
   "city": "Avignon",
   "zip": "84913 CEDEX 9",
   "occupation": "Structural Analysis Engineer"
 },
 {
   "ssn": "519-29-9539",
   "name": "Danit Dinsell",
   "gender": "Female",
   "email": "ddinsell1j@amazon.de",
   "phoneNumber": "150-967-0264",
   "streetAddress": "657 Dapin Hill",
   "city": "Petropavlovsk",
   "zip": "",
   "occupation": "Environmental Tech"
 },
 {
   "ssn": "519-91-9541",
   "name": "Shalom Guiden",
   "gender": "Male",
   "email": "sguiden1k@quantcast.com",
   "phoneNumber": "990-611-7959",
   "streetAddress": "9892 Union Place",
   "city": "Mariestad",
   "zip": "542 73",
   "occupation": "Sales Representative"
 },
 {
   "ssn": "631-97-4805",
   "name": "Arthur Hopkyns",
   "gender": "Male",
   "email": "ahopkyns1l@un.org",
   "phoneNumber": "288-240-2851",
   "streetAddress": "35291 Hoffman Plaza",
   "city": "Yangdun",
   "zip": "",
   "occupation": "Senior Quality Engineer"
 },
 {
   "ssn": "124-91-4439",
   "name": "Elsey Berrane",
   "gender": "",
   "email": "eberrane1m@soup.io",
   "phoneNumber": "816-133-4971",
   "streetAddress": "27908 Stephen Street",
   "city": "Bao’an",
   "zip": "",
   "occupation": "Nuclear Power Engineer"
 },
 {
   "ssn": "509-86-5737",
   "name": "Ericha Hopfer",
   "gender": "",
   "email": "ehopfer1n@google.nl",
   "phoneNumber": "891-611-9925",
   "streetAddress": "6536 Longview Place",
   "city": "Dordrecht",
   "zip": "3324",
   "occupation": "Office Assistant III"
 },
 {
   "ssn": "212-56-5846",
   "name": "Orly Deport",
   "gender": "Female",
   "email": "odeport1o@hud.gov",
   "phoneNumber": "921-380-7597",
   "streetAddress": "543 Packers Plaza",
   "city": "Lucé",
   "zip": "28114 CEDEX",
   "occupation": "Help Desk Operator"
 },
 {
   "ssn": "681-06-0266",
   "name": "Danyelle Drewe",
   "gender": "Female",
   "email": "ddrewe1p@tripadvisor.com",
   "phoneNumber": "181-727-5165",
   "streetAddress": "2398 Drewry Crossing",
   "city": "Gaoqiao",
   "zip": "",
   "occupation": "Editor"
 },
 {
   "ssn": "762-74-1861",
   "name": "Danell Hagart",
   "gender": "",
   "email": "dhagart1q@upenn.edu",
   "phoneNumber": "683-213-3686",
   "streetAddress": "03 Sunnyside Street",
   "city": "Passos",
   "zip": "37900-000",
   "occupation": "Editor"
 },
 {
   "ssn": "400-99-6855",
   "name": "Jordan Melliard",
   "gender": "Male",
   "email": "jmelliard1r@epa.gov",
   "phoneNumber": "608-883-4404",
   "streetAddress": "069 Waxwing Circle",
   "city": "Tall Tamr",
   "zip": "",
   "occupation": "Legal Assistant"
 },
 {
   "ssn": "407-73-9873",
   "name": "Tricia Banner",
   "gender": "Female",
   "email": "tbanner1s@va.gov",
   "phoneNumber": "106-760-1992",
   "streetAddress": "801 Moland Place",
   "city": "Yongledian",
   "zip": "",
   "occupation": "Sales Associate"
 },
 {
   "ssn": "578-33-2781",
   "name": "Jacques Prin",
   "gender": "Male",
   "email": "jprin1t@thetimes.co.uk",
   "phoneNumber": "598-289-6239",
   "streetAddress": "9080 Mayfield Lane",
   "city": "Padangtepung",
   "zip": "",
   "occupation": "Software Test Engineer IV"
 },
 {
   "ssn": "425-72-2721",
   "name": "Florrie Bordiss",
   "gender": "Female",
   "email": "fbordiss1u@i2i.jp",
   "phoneNumber": "250-663-1346",
   "streetAddress": "83956 East Lane",
   "city": "Huasahuasi",
   "zip": "",
   "occupation": "Tax Accountant"
 },
 {
   "ssn": "480-20-5857",
   "name": "Lewes Riepl",
   "gender": "",
   "email": "lriepl1v@tiny.cc",
   "phoneNumber": "636-711-8872",
   "streetAddress": "6939 Dawn Lane",
   "city": "Aiguo",
   "zip": "",
   "occupation": "Office Assistant II"
 },
 {
   "ssn": "890-96-0250",
   "name": "Ynez Hardson",
   "gender": "Female",
   "email": "yhardson1w@eventbrite.com",
   "phoneNumber": "732-709-3653",
   "streetAddress": "2 Pearson Center",
   "city": "Lebowakgomo",
   "zip": "9640",
   "occupation": "Nuclear Power Engineer"
 },
 {
   "ssn": "587-98-1021",
   "name": "Deana Laraway",
   "gender": "Female",
   "email": "dlaraway1x@issuu.com",
   "phoneNumber": "228-800-3014",
   "streetAddress": "07 Carberry Court",
   "city": "Famagusta",
   "zip": "",
   "occupation": "Physical Therapy Assistant"
 },
 {
   "ssn": "193-43-9832",
   "name": "Petrina Owain",
   "gender": "Female",
   "email": "powain1y@cyberchimps.com",
   "phoneNumber": "989-874-6787",
   "streetAddress": "67348 Leroy Park",
   "city": "Visconde do Rio Branco",
   "zip": "36520-000",
   "occupation": "Environmental Specialist"
 },
 {
   "ssn": "130-88-6346",
   "name": "Kate Limpenny",
   "gender": "",
   "email": "klimpenny1z@deviantart.com",
   "phoneNumber": "981-809-0629",
   "streetAddress": "35010 Schmedeman Avenue",
   "city": "Koton Karifi",
   "zip": "",
   "occupation": "Structural Analysis Engineer"
 },
 {
   "ssn": "169-75-4282",
   "name": "Nadeen Brahm",
   "gender": "Non-binary",
   "email": "nbrahm20@blogtalkradio.com",
   "phoneNumber": "196-214-4064",
   "streetAddress": "3 Birchwood Street",
   "city": "Puerto Madryn",
   "zip": "9120",
   "occupation": "Biostatistician II"
 },
 {
   "ssn": "374-41-3572",
   "name": "Anders Dow",
   "gender": "",
   "email": "adow21@nps.gov",
   "phoneNumber": "291-535-7177",
   "streetAddress": "6 Butternut Trail",
   "city": "Kikerino",
   "zip": "188420",
   "occupation": "Safety Technician II"
 },
 {
   "ssn": "136-67-3039",
   "name": "Elvira Mogie",
   "gender": "Female",
   "email": "emogie22@stanford.edu",
   "phoneNumber": "649-805-2284",
   "streetAddress": "98333 Forest Point",
   "city": "Ngangpo",
   "zip": "",
   "occupation": "Senior Sales Associate"
 },
 {
   "ssn": "418-51-8079",
   "name": "Erin Longlands",
   "gender": "",
   "email": "elonglands23@sfgate.com",
   "phoneNumber": "388-182-6901",
   "streetAddress": "26917 Charing Cross Park",
   "city": "Białobrzegi",
   "zip": "37-114",
   "occupation": "Engineer IV"
 },
 {
   "ssn": "798-73-6207",
   "name": "Kim Colquit",
   "gender": "Female",
   "email": "kcolquit24@pbs.org",
   "phoneNumber": "554-835-2214",
   "streetAddress": "5 Montana Park",
   "city": "Inđija",
   "zip": "",
   "occupation": "Database Administrator IV"
 },
 {
   "ssn": "883-17-0086",
   "name": "Burty Mugridge",
   "gender": "Male",
   "email": "bmugridge25@sfgate.com",
   "phoneNumber": "105-988-6951",
   "streetAddress": "75 Corben Park",
   "city": "Situbondo",
   "zip": "",
   "occupation": "Geologist IV"
 },
 {
   "ssn": "856-47-5916",
   "name": "Cele Enoksson",
   "gender": "Female",
   "email": "cenoksson26@ask.com",
   "phoneNumber": "603-958-1956",
   "streetAddress": "3184 Bay Circle",
   "city": "Novi Sad",
   "zip": "",
   "occupation": "Database Administrator IV"
 }
]