brokerID,company,name,phoneNumber,email
1,Baumbach and Sons,Minnie MacPike,106-261-7344,mmacpike0@ning.com
2,Torphy Inc,Pietro Waldie,190-719-4577,pwaldie1@aboutads.info
3,Wisozk-Herman,Olivier Stennet,757-227-8157,ostennet2@merriam-webster.com
4,Oberbrunner-Parisian,Lainey Murty,889-192-3594,lmurty3@google.es
5,DuBuque-Rau,Abbott Cavolini,164-175-5615,acavolini4@geocities.jp
6,"Predovic, Larson and Armstrong",Rona Allans,538-377-0323,rallans5@apache.org
7,Nolan-Swaniawski,Lonny Werndley,446-879-2828,lwerndley6@unicef.org
8,Hyatt Group,Carny Glen,197-154-5638,cglen7@unblog.fr
9,"Kohler, Senger and Boyle",Cosetta Louedey,147-496-1150,clouedey8@mac.com
10,Willms LLC,Miranda Balcon,843-282-2880,mbalcon9@taobao.com
